,sample_id,pdb_id,protein_path,ligand_path
0,2zy1,2zy1,/storage/ice1/7/3/awallace43/CASF-2016/coreset/2zy1/2zy1_protein.pdb,/storage/ice1/7/3/awallace43/CASF-2016/coreset/2zy1/2zy1_ligand.sdf
1,2xbv,2xbv,/storage/ice1/7/3/awallace43/CASF-2016/coreset/2xbv/2xbv_protein.pdb,/storage/ice1/7/3/awallace43/CASF-2016/coreset/2xbv/2xbv_ligand.sdf
2,3arv,3arv,/storage/ice1/7/3/awallace43/CASF-2016/coreset/3arv/3arv_protein.pdb,/storage/ice1/7/3/awallace43/CASF-2016/coreset/3arv/3arv_ligand.sdf
3,2xnb,2xnb,/storage/ice1/7/3/awallace43/CASF-2016/coreset/2xnb/2xnb_protein.pdb,/storage/ice1/7/3/awallace43/CASF-2016/coreset/2xnb/2xnb_ligand.sdf
4,1owh,1owh,/storage/ice1/7/3/awallace43/CASF-2016/coreset/1owh/1owh_protein.pdb,/storage/ice1/7/3/awallace43/CASF-2016/coreset/1owh/1owh_ligand.sdf
5,4agp,4agp,/storage/ice1/7/3/awallace43/CASF-2016/coreset/4agp/4agp_protein.pdb,/storage/ice1/7/3/awallace43/CASF-2016/coreset/4agp/4agp_ligand.sdf
6,1o3f,1o3f,/storage/ice1/7/3/awallace43/CASF-2016/coreset/1o3f/1o3f_protein.pdb,/storage/ice1/7/3/awallace43/CASF-2016/coreset/1o3f/1o3f_ligand.sdf
7,2v7a,2v7a,/storage/ice1/7/3/awallace43/CASF-2016/coreset/2v7a/2v7a_protein.pdb,/storage/ice1/7/3/awallace43/CASF-2016/coreset/2v7a/2v7a_ligand.sdf
8,2ymd,2ymd,/storage/ice1/7/3/awallace43/CASF-2016/coreset/2ymd/2ymd_protein.pdb,/storage/ice1/7/3/awallace43/CASF-2016/coreset/2ymd/2ymd_ligand.sdf
9,3rlr,3rlr,/storage/ice1/7/3/awallace43/CASF-2016/coreset/3rlr/3rlr_protein.pdb,/storage/ice1/7/3/awallace43/CASF-2016/coreset/3rlr/3rlr_ligand.sdf
10,4j28,4j28,/storage/ice1/7/3/awallace43/CASF-2016/coreset/4j28/4j28_protein.pdb,/storage/ice1/7/3/awallace43/CASF-2016/coreset/4j28/4j28_ligand.sdf
11,4ddh,4ddh,/storage/ice1/7/3/awallace43/CASF-2016/coreset/4ddh/4ddh_protein.pdb,/storage/ice1/7/3/awallace43/CASF-2016/coreset/4ddh/4ddh_ligand.sdf
12,1o0h,1o0h,/storage/ice1/7/3/awallace43/CASF-2016/coreset/1o0h/1o0h_protein.pdb,/storage/ice1/7/3/awallace43/CASF-2016/coreset/1o0h/1o0h_ligand.sdf
13,4eo8,4eo8,/storage/ice1/7/3/awallace43/CASF-2016/coreset/4eo8/4eo8_protein.pdb,/storage/ice1/7/3/awallace43/CASF-2016/coreset/4eo8/4eo8_ligand.sdf
14,1pxn,1pxn,/storage/ice1/7/3/awallace43/CASF-2016/coreset/1pxn/1pxn_protein.pdb,/storage/ice1/7/3/awallace43/CASF-2016/coreset/1pxn/1pxn_ligand.sdf
15,2yfe,2yfe,/storage/ice1/7/3/awallace43/CASF-2016/coreset/2yfe/2yfe_protein.pdb,/storage/ice1/7/3/awallace43/CASF-2016/coreset/2yfe/2yfe_ligand.sdf
16,2wbg,2wbg,/storage/ice1/7/3/awallace43/CASF-2016/coreset/2wbg/2wbg_protein.pdb,/storage/ice1/7/3/awallace43/CASF-2016/coreset/2wbg/2wbg_ligand.sdf
17,1eby,1eby,/storage/ice1/7/3/awallace43/CASF-2016/coreset/1eby/1eby_protein.pdb,/storage/ice1/7/3/awallace43/CASF-2016/coreset/1eby/1eby_ligand.sdf
18,3aru,3aru,/storage/ice1/7/3/awallace43/CASF-2016/coreset/3aru/3aru_protein.pdb,/storage/ice1/7/3/awallace43/CASF-2016/coreset/3aru/3aru_ligand.sdf
19,4de1,4de1,/storage/ice1/7/3/awallace43/CASF-2016/coreset/4de1/4de1_protein.pdb,/storage/ice1/7/3/awallace43/CASF-2016/coreset/4de1/4de1_ligand.sdf
20,3oe5,3oe5,/storage/ice1/7/3/awallace43/CASF-2016/coreset/3oe5/3oe5_protein.pdb,/storage/ice1/7/3/awallace43/CASF-2016/coreset/3oe5/3oe5_ligand.sdf
21,2fxs,2fxs,/storage/ice1/7/3/awallace43/CASF-2016/coreset/2fxs/2fxs_protein.pdb,/storage/ice1/7/3/awallace43/CASF-2016/coreset/2fxs/2fxs_ligand.sdf
22,2brb,2brb,/storage/ice1/7/3/awallace43/CASF-2016/coreset/2brb/2brb_protein.pdb,/storage/ice1/7/3/awallace43/CASF-2016/coreset/2brb/2brb_ligand.sdf
23,2j7h,2j7h,/storage/ice1/7/3/awallace43/CASF-2016/coreset/2j7h/2j7h_protein.pdb,/storage/ice1/7/3/awallace43/CASF-2016/coreset/2j7h/2j7h_ligand.sdf
24,2wnc,2wnc,/storage/ice1/7/3/awallace43/CASF-2016/coreset/2wnc/2wnc_protein.pdb,/storage/ice1/7/3/awallace43/CASF-2016/coreset/2wnc/2wnc_ligand.sdf
25,3zt2,3zt2,/storage/ice1/7/3/awallace43/CASF-2016/coreset/3zt2/3zt2_protein.pdb,/storage/ice1/7/3/awallace43/CASF-2016/coreset/3zt2/3zt2_ligand.sdf
26,2yge,2yge,/storage/ice1/7/3/awallace43/CASF-2016/coreset/2yge/2yge_protein.pdb,/storage/ice1/7/3/awallace43/CASF-2016/coreset/2yge/2yge_ligand.sdf
27,2wca,2wca,/storage/ice1/7/3/awallace43/CASF-2016/coreset/2wca/2wca_protein.pdb,/storage/ice1/7/3/awallace43/CASF-2016/coreset/2wca/2wca_ligand.sdf
28,3u9q,3u9q,/storage/ice1/7/3/awallace43/CASF-2016/coreset/3u9q/3u9q_protein.pdb,/storage/ice1/7/3/awallace43/CASF-2016/coreset/3u9q/3u9q_ligand.sdf
29,1u1b,1u1b,/storage/ice1/7/3/awallace43/CASF-2016/coreset/1u1b/1u1b_protein.pdb,/storage/ice1/7/3/awallace43/CASF-2016/coreset/1u1b/1u1b_ligand.sdf
30,2v00,2v00,/storage/ice1/7/3/awallace43/CASF-2016/coreset/2v00/2v00_protein.pdb,/storage/ice1/7/3/awallace43/CASF-2016/coreset/2v00/2v00_ligand.sdf
31,3f3e,3f3e,/storage/ice1/7/3/awallace43/CASF-2016/coreset/3f3e/3f3e_protein.pdb,/storage/ice1/7/3/awallace43/CASF-2016/coreset/3f3e/3f3e_ligand.sdf
32,3ivg,3ivg,/storage/ice1/7/3/awallace43/CASF-2016/coreset/3ivg/3ivg_protein.pdb,/storage/ice1/7/3/awallace43/CASF-2016/coreset/3ivg/3ivg_ligand.sdf
33,4kzu,4kzu,/storage/ice1/7/3/awallace43/CASF-2016/coreset/4kzu/4kzu_protein.pdb,/storage/ice1/7/3/awallace43/CASF-2016/coreset/4kzu/4kzu_ligand.sdf
34,3ui7,3ui7,/storage/ice1/7/3/awallace43/CASF-2016/coreset/3ui7/3ui7_protein.pdb,/storage/ice1/7/3/awallace43/CASF-2016/coreset/3ui7/3ui7_ligand.sdf
35,4gr0,4gr0,/storage/ice1/7/3/awallace43/CASF-2016/coreset/4gr0/4gr0_protein.pdb,/storage/ice1/7/3/awallace43/CASF-2016/coreset/4gr0/4gr0_ligand.sdf
36,4ivc,4ivc,/storage/ice1/7/3/awallace43/CASF-2016/coreset/4ivc/4ivc_protein.pdb,/storage/ice1/7/3/awallace43/CASF-2016/coreset/4ivc/4ivc_ligand.sdf
37,4mme,4mme,/storage/ice1/7/3/awallace43/CASF-2016/coreset/4mme/4mme_protein.pdb,/storage/ice1/7/3/awallace43/CASF-2016/coreset/4mme/4mme_ligand.sdf
38,4f09,4f09,/storage/ice1/7/3/awallace43/CASF-2016/coreset/4f09/4f09_protein.pdb,/storage/ice1/7/3/awallace43/CASF-2016/coreset/4f09/4f09_ligand.sdf
39,2zcq,2zcq,/storage/ice1/7/3/awallace43/CASF-2016/coreset/2zcq/2zcq_protein.pdb,/storage/ice1/7/3/awallace43/CASF-2016/coreset/2zcq/2zcq_ligand.sdf
40,1y6r,1y6r,/storage/ice1/7/3/awallace43/CASF-2016/coreset/1y6r/1y6r_protein.pdb,/storage/ice1/7/3/awallace43/CASF-2016/coreset/1y6r/1y6r_ligand.sdf
41,2qbq,2qbq,/storage/ice1/7/3/awallace43/CASF-2016/coreset/2qbq/2qbq_protein.pdb,/storage/ice1/7/3/awallace43/CASF-2016/coreset/2qbq/2qbq_ligand.sdf
42,3utu,3utu,/storage/ice1/7/3/awallace43/CASF-2016/coreset/3utu/3utu_protein.pdb,/storage/ice1/7/3/awallace43/CASF-2016/coreset/3utu/3utu_ligand.sdf
43,3fv2,3fv2,/storage/ice1/7/3/awallace43/CASF-2016/coreset/3fv2/3fv2_protein.pdb,/storage/ice1/7/3/awallace43/CASF-2016/coreset/3fv2/3fv2_ligand.sdf
44,2qnq,2qnq,/storage/ice1/7/3/awallace43/CASF-2016/coreset/2qnq/2qnq_protein.pdb,/storage/ice1/7/3/awallace43/CASF-2016/coreset/2qnq/2qnq_ligand.sdf
45,1nvq,1nvq,/storage/ice1/7/3/awallace43/CASF-2016/coreset/1nvq/1nvq_protein.pdb,/storage/ice1/7/3/awallace43/CASF-2016/coreset/1nvq/1nvq_ligand.sdf
46,1z95,1z95,/storage/ice1/7/3/awallace43/CASF-2016/coreset/1z95/1z95_protein.pdb,/storage/ice1/7/3/awallace43/CASF-2016/coreset/1z95/1z95_ligand.sdf
47,2weg,2weg,/storage/ice1/7/3/awallace43/CASF-2016/coreset/2weg/2weg_protein.pdb,/storage/ice1/7/3/awallace43/CASF-2016/coreset/2weg/2weg_ligand.sdf
48,2qbr,2qbr,/storage/ice1/7/3/awallace43/CASF-2016/coreset/2qbr/2qbr_protein.pdb,/storage/ice1/7/3/awallace43/CASF-2016/coreset/2qbr/2qbr_ligand.sdf
49,3rsx,3rsx,/storage/ice1/7/3/awallace43/CASF-2016/coreset/3rsx/3rsx_protein.pdb,/storage/ice1/7/3/awallace43/CASF-2016/coreset/3rsx/3rsx_ligand.sdf
50,3gy4,3gy4,/storage/ice1/7/3/awallace43/CASF-2016/coreset/3gy4/3gy4_protein.pdb,/storage/ice1/7/3/awallace43/CASF-2016/coreset/3gy4/3gy4_ligand.sdf
51,3kgp,3kgp,/storage/ice1/7/3/awallace43/CASF-2016/coreset/3kgp/3kgp_protein.pdb,/storage/ice1/7/3/awallace43/CASF-2016/coreset/3kgp/3kgp_ligand.sdf
52,4ciw,4ciw,/storage/ice1/7/3/awallace43/CASF-2016/coreset/4ciw/4ciw_protein.pdb,/storage/ice1/7/3/awallace43/CASF-2016/coreset/4ciw/4ciw_ligand.sdf
53,3k5v,3k5v,/storage/ice1/7/3/awallace43/CASF-2016/coreset/3k5v/3k5v_protein.pdb,/storage/ice1/7/3/awallace43/CASF-2016/coreset/3k5v/3k5v_ligand.sdf
54,3fcq,3fcq,/storage/ice1/7/3/awallace43/CASF-2016/coreset/3fcq/3fcq_protein.pdb,/storage/ice1/7/3/awallace43/CASF-2016/coreset/3fcq/3fcq_ligand.sdf
55,3ryj,3ryj,/storage/ice1/7/3/awallace43/CASF-2016/coreset/3ryj/3ryj_protein.pdb,/storage/ice1/7/3/awallace43/CASF-2016/coreset/3ryj/3ryj_ligand.sdf
56,2cbv,2cbv,/storage/ice1/7/3/awallace43/CASF-2016/coreset/2cbv/2cbv_protein.pdb,/storage/ice1/7/3/awallace43/CASF-2016/coreset/2cbv/2cbv_ligand.sdf
57,4abg,4abg,/storage/ice1/7/3/awallace43/CASF-2016/coreset/4abg/4abg_protein.pdb,/storage/ice1/7/3/awallace43/CASF-2016/coreset/4abg/4abg_ligand.sdf
58,3uo4,3uo4,/storage/ice1/7/3/awallace43/CASF-2016/coreset/3uo4/3uo4_protein.pdb,/storage/ice1/7/3/awallace43/CASF-2016/coreset/3uo4/3uo4_ligand.sdf
59,1qf1,1qf1,/storage/ice1/7/3/awallace43/CASF-2016/coreset/1qf1/1qf1_protein.pdb,/storage/ice1/7/3/awallace43/CASF-2016/coreset/1qf1/1qf1_ligand.sdf
60,2vw5,2vw5,/storage/ice1/7/3/awallace43/CASF-2016/coreset/2vw5/2vw5_protein.pdb,/storage/ice1/7/3/awallace43/CASF-2016/coreset/2vw5/2vw5_ligand.sdf
61,4twp,4twp,/storage/ice1/7/3/awallace43/CASF-2016/coreset/4twp/4twp_protein.pdb,/storage/ice1/7/3/awallace43/CASF-2016/coreset/4twp/4twp_ligand.sdf
62,3b1m,3b1m,/storage/ice1/7/3/awallace43/CASF-2016/coreset/3b1m/3b1m_protein.pdb,/storage/ice1/7/3/awallace43/CASF-2016/coreset/3b1m/3b1m_ligand.sdf
63,1p1q,1p1q,/storage/ice1/7/3/awallace43/CASF-2016/coreset/1p1q/1p1q_protein.pdb,/storage/ice1/7/3/awallace43/CASF-2016/coreset/1p1q/1p1q_ligand.sdf
64,4f2w,4f2w,/storage/ice1/7/3/awallace43/CASF-2016/coreset/4f2w/4f2w_protein.pdb,/storage/ice1/7/3/awallace43/CASF-2016/coreset/4f2w/4f2w_ligand.sdf
65,3e5a,3e5a,/storage/ice1/7/3/awallace43/CASF-2016/coreset/3e5a/3e5a_protein.pdb,/storage/ice1/7/3/awallace43/CASF-2016/coreset/3e5a/3e5a_ligand.sdf
66,4m0z,4m0z,/storage/ice1/7/3/awallace43/CASF-2016/coreset/4m0z/4m0z_protein.pdb,/storage/ice1/7/3/awallace43/CASF-2016/coreset/4m0z/4m0z_ligand.sdf
67,3arp,3arp,/storage/ice1/7/3/awallace43/CASF-2016/coreset/3arp/3arp_protein.pdb,/storage/ice1/7/3/awallace43/CASF-2016/coreset/3arp/3arp_ligand.sdf
68,4j3l,4j3l,/storage/ice1/7/3/awallace43/CASF-2016/coreset/4j3l/4j3l_protein.pdb,/storage/ice1/7/3/awallace43/CASF-2016/coreset/4j3l/4j3l_ligand.sdf
69,2zcr,2zcr,/storage/ice1/7/3/awallace43/CASF-2016/coreset/2zcr/2zcr_protein.pdb,/storage/ice1/7/3/awallace43/CASF-2016/coreset/2zcr/2zcr_ligand.sdf
70,2al5,2al5,/storage/ice1/7/3/awallace43/CASF-2016/coreset/2al5/2al5_protein.pdb,/storage/ice1/7/3/awallace43/CASF-2016/coreset/2al5/2al5_ligand.sdf
71,4w9c,4w9c,/storage/ice1/7/3/awallace43/CASF-2016/coreset/4w9c/4w9c_protein.pdb,/storage/ice1/7/3/awallace43/CASF-2016/coreset/4w9c/4w9c_ligand.sdf
72,2w66,2w66,/storage/ice1/7/3/awallace43/CASF-2016/coreset/2w66/2w66_protein.pdb,/storage/ice1/7/3/awallace43/CASF-2016/coreset/2w66/2w66_ligand.sdf
73,3qqs,3qqs,/storage/ice1/7/3/awallace43/CASF-2016/coreset/3qqs/3qqs_protein.pdb,/storage/ice1/7/3/awallace43/CASF-2016/coreset/3qqs/3qqs_ligand.sdf
74,4mgd,4mgd,/storage/ice1/7/3/awallace43/CASF-2016/coreset/4mgd/4mgd_protein.pdb,/storage/ice1/7/3/awallace43/CASF-2016/coreset/4mgd/4mgd_ligand.sdf
75,1vso,1vso,/storage/ice1/7/3/awallace43/CASF-2016/coreset/1vso/1vso_protein.pdb,/storage/ice1/7/3/awallace43/CASF-2016/coreset/1vso/1vso_ligand.sdf
76,3gnw,3gnw,/storage/ice1/7/3/awallace43/CASF-2016/coreset/3gnw/3gnw_protein.pdb,/storage/ice1/7/3/awallace43/CASF-2016/coreset/3gnw/3gnw_ligand.sdf
77,3qgy,3qgy,/storage/ice1/7/3/awallace43/CASF-2016/coreset/3qgy/3qgy_protein.pdb,/storage/ice1/7/3/awallace43/CASF-2016/coreset/3qgy/3qgy_ligand.sdf
78,2p15,2p15,/storage/ice1/7/3/awallace43/CASF-2016/coreset/2p15/2p15_protein.pdb,/storage/ice1/7/3/awallace43/CASF-2016/coreset/2p15/2p15_ligand.sdf
79,2xj7,2xj7,/storage/ice1/7/3/awallace43/CASF-2016/coreset/2xj7/2xj7_protein.pdb,/storage/ice1/7/3/awallace43/CASF-2016/coreset/2xj7/2xj7_ligand.sdf
80,1sqa,1sqa,/storage/ice1/7/3/awallace43/CASF-2016/coreset/1sqa/1sqa_protein.pdb,/storage/ice1/7/3/awallace43/CASF-2016/coreset/1sqa/1sqa_ligand.sdf
81,3u8n,3u8n,/storage/ice1/7/3/awallace43/CASF-2016/coreset/3u8n/3u8n_protein.pdb,/storage/ice1/7/3/awallace43/CASF-2016/coreset/3u8n/3u8n_ligand.sdf
82,3zdg,3zdg,/storage/ice1/7/3/awallace43/CASF-2016/coreset/3zdg/3zdg_protein.pdb,/storage/ice1/7/3/awallace43/CASF-2016/coreset/3zdg/3zdg_ligand.sdf
83,3f3c,3f3c,/storage/ice1/7/3/awallace43/CASF-2016/coreset/3f3c/3f3c_protein.pdb,/storage/ice1/7/3/awallace43/CASF-2016/coreset/3f3c/3f3c_ligand.sdf
84,4w9h,4w9h,/storage/ice1/7/3/awallace43/CASF-2016/coreset/4w9h/4w9h_protein.pdb,/storage/ice1/7/3/awallace43/CASF-2016/coreset/4w9h/4w9h_ligand.sdf
85,1k1i,1k1i,/storage/ice1/7/3/awallace43/CASF-2016/coreset/1k1i/1k1i_protein.pdb,/storage/ice1/7/3/awallace43/CASF-2016/coreset/1k1i/1k1i_ligand.sdf
86,3o9i,3o9i,/storage/ice1/7/3/awallace43/CASF-2016/coreset/3o9i/3o9i_protein.pdb,/storage/ice1/7/3/awallace43/CASF-2016/coreset/3o9i/3o9i_ligand.sdf
87,3bv9,3bv9,/storage/ice1/7/3/awallace43/CASF-2016/coreset/3bv9/3bv9_protein.pdb,/storage/ice1/7/3/awallace43/CASF-2016/coreset/3bv9/3bv9_ligand.sdf
88,3pyy,3pyy,/storage/ice1/7/3/awallace43/CASF-2016/coreset/3pyy/3pyy_protein.pdb,/storage/ice1/7/3/awallace43/CASF-2016/coreset/3pyy/3pyy_ligand.sdf
89,4qd6,4qd6,/storage/ice1/7/3/awallace43/CASF-2016/coreset/4qd6/4qd6_protein.pdb,/storage/ice1/7/3/awallace43/CASF-2016/coreset/4qd6/4qd6_ligand.sdf
90,3n76,3n76,/storage/ice1/7/3/awallace43/CASF-2016/coreset/3n76/3n76_protein.pdb,/storage/ice1/7/3/awallace43/CASF-2016/coreset/3n76/3n76_ligand.sdf
91,1oyt,1oyt,/storage/ice1/7/3/awallace43/CASF-2016/coreset/1oyt/1oyt_protein.pdb,/storage/ice1/7/3/awallace43/CASF-2016/coreset/1oyt/1oyt_ligand.sdf
92,4jsz,4jsz,/storage/ice1/7/3/awallace43/CASF-2016/coreset/4jsz/4jsz_protein.pdb,/storage/ice1/7/3/awallace43/CASF-2016/coreset/4jsz/4jsz_ligand.sdf
93,2p4y,2p4y,/storage/ice1/7/3/awallace43/CASF-2016/coreset/2p4y/2p4y_protein.pdb,/storage/ice1/7/3/awallace43/CASF-2016/coreset/2p4y/2p4y_ligand.sdf
94,1ydr,1ydr,/storage/ice1/7/3/awallace43/CASF-2016/coreset/1ydr/1ydr_protein.pdb,/storage/ice1/7/3/awallace43/CASF-2016/coreset/1ydr/1ydr_ligand.sdf
95,2y5h,2y5h,/storage/ice1/7/3/awallace43/CASF-2016/coreset/2y5h/2y5h_protein.pdb,/storage/ice1/7/3/awallace43/CASF-2016/coreset/2y5h/2y5h_ligand.sdf
96,4kz6,4kz6,/storage/ice1/7/3/awallace43/CASF-2016/coreset/4kz6/4kz6_protein.pdb,/storage/ice1/7/3/awallace43/CASF-2016/coreset/4kz6/4kz6_ligand.sdf
97,3e93,3e93,/storage/ice1/7/3/awallace43/CASF-2016/coreset/3e93/3e93_protein.pdb,/storage/ice1/7/3/awallace43/CASF-2016/coreset/3e93/3e93_ligand.sdf
98,3n86,3n86,/storage/ice1/7/3/awallace43/CASF-2016/coreset/3n86/3n86_protein.pdb,/storage/ice1/7/3/awallace43/CASF-2016/coreset/3n86/3n86_ligand.sdf
99,4qac,4qac,/storage/ice1/7/3/awallace43/CASF-2016/coreset/4qac/4qac_protein.pdb,/storage/ice1/7/3/awallace43/CASF-2016/coreset/4qac/4qac_ligand.sdf
100,3n7a,3n7a,/storage/ice1/7/3/awallace43/CASF-2016/coreset/3n7a/3n7a_protein.pdb,/storage/ice1/7/3/awallace43/CASF-2016/coreset/3n7a/3n7a_ligand.sdf
101,1h23,1h23,/storage/ice1/7/3/awallace43/CASF-2016/coreset/1h23/1h23_protein.pdb,/storage/ice1/7/3/awallace43/CASF-2016/coreset/1h23/1h23_ligand.sdf
102,1nc1,1nc1,/storage/ice1/7/3/awallace43/CASF-2016/coreset/1nc1/1nc1_protein.pdb,/storage/ice1/7/3/awallace43/CASF-2016/coreset/1nc1/1nc1_ligand.sdf
103,1s38,1s38,/storage/ice1/7/3/awallace43/CASF-2016/coreset/1s38/1s38_protein.pdb,/storage/ice1/7/3/awallace43/CASF-2016/coreset/1s38/1s38_ligand.sdf
104,3arq,3arq,/storage/ice1/7/3/awallace43/CASF-2016/coreset/3arq/3arq_protein.pdb,/storage/ice1/7/3/awallace43/CASF-2016/coreset/3arq/3arq_ligand.sdf
105,3ao4,3ao4,/storage/ice1/7/3/awallace43/CASF-2016/coreset/3ao4/3ao4_protein.pdb,/storage/ice1/7/3/awallace43/CASF-2016/coreset/3ao4/3ao4_ligand.sdf
106,2x00,2x00,/storage/ice1/7/3/awallace43/CASF-2016/coreset/2x00/2x00_protein.pdb,/storage/ice1/7/3/awallace43/CASF-2016/coreset/2x00/2x00_ligand.sdf
107,4cr9,4cr9,/storage/ice1/7/3/awallace43/CASF-2016/coreset/4cr9/4cr9_protein.pdb,/storage/ice1/7/3/awallace43/CASF-2016/coreset/4cr9/4cr9_ligand.sdf
108,3p5o,3p5o,/storage/ice1/7/3/awallace43/CASF-2016/coreset/3p5o/3p5o_protein.pdb,/storage/ice1/7/3/awallace43/CASF-2016/coreset/3p5o/3p5o_ligand.sdf
109,3myg,3myg,/storage/ice1/7/3/awallace43/CASF-2016/coreset/3myg/3myg_protein.pdb,/storage/ice1/7/3/awallace43/CASF-2016/coreset/3myg/3myg_ligand.sdf
110,4k18,4k18,/storage/ice1/7/3/awallace43/CASF-2016/coreset/4k18/4k18_protein.pdb,/storage/ice1/7/3/awallace43/CASF-2016/coreset/4k18/4k18_ligand.sdf
111,2wtv,2wtv,/storage/ice1/7/3/awallace43/CASF-2016/coreset/2wtv/2wtv_protein.pdb,/storage/ice1/7/3/awallace43/CASF-2016/coreset/2wtv/2wtv_ligand.sdf
112,4djv,4djv,/storage/ice1/7/3/awallace43/CASF-2016/coreset/4djv/4djv_protein.pdb,/storage/ice1/7/3/awallace43/CASF-2016/coreset/4djv/4djv_ligand.sdf
113,1a30,1a30,/storage/ice1/7/3/awallace43/CASF-2016/coreset/1a30/1a30_protein.pdb,/storage/ice1/7/3/awallace43/CASF-2016/coreset/1a30/1a30_ligand.sdf
114,4ih5,4ih5,/storage/ice1/7/3/awallace43/CASF-2016/coreset/4ih5/4ih5_protein.pdb,/storage/ice1/7/3/awallace43/CASF-2016/coreset/4ih5/4ih5_ligand.sdf
115,2qbp,2qbp,/storage/ice1/7/3/awallace43/CASF-2016/coreset/2qbp/2qbp_protein.pdb,/storage/ice1/7/3/awallace43/CASF-2016/coreset/2qbp/2qbp_ligand.sdf
116,4lzs,4lzs,/storage/ice1/7/3/awallace43/CASF-2016/coreset/4lzs/4lzs_protein.pdb,/storage/ice1/7/3/awallace43/CASF-2016/coreset/4lzs/4lzs_ligand.sdf
117,4agn,4agn,/storage/ice1/7/3/awallace43/CASF-2016/coreset/4agn/4agn_protein.pdb,/storage/ice1/7/3/awallace43/CASF-2016/coreset/4agn/4agn_ligand.sdf
118,4e6q,4e6q,/storage/ice1/7/3/awallace43/CASF-2016/coreset/4e6q/4e6q_protein.pdb,/storage/ice1/7/3/awallace43/CASF-2016/coreset/4e6q/4e6q_ligand.sdf
119,4eky,4eky,/storage/ice1/7/3/awallace43/CASF-2016/coreset/4eky/4eky_protein.pdb,/storage/ice1/7/3/awallace43/CASF-2016/coreset/4eky/4eky_ligand.sdf
120,4ivb,4ivb,/storage/ice1/7/3/awallace43/CASF-2016/coreset/4ivb/4ivb_protein.pdb,/storage/ice1/7/3/awallace43/CASF-2016/coreset/4ivb/4ivb_ligand.sdf
121,3gc5,3gc5,/storage/ice1/7/3/awallace43/CASF-2016/coreset/3gc5/3gc5_protein.pdb,/storage/ice1/7/3/awallace43/CASF-2016/coreset/3gc5/3gc5_ligand.sdf
122,3kwa,3kwa,/storage/ice1/7/3/awallace43/CASF-2016/coreset/3kwa/3kwa_protein.pdb,/storage/ice1/7/3/awallace43/CASF-2016/coreset/3kwa/3kwa_ligand.sdf
123,4u4s,4u4s,/storage/ice1/7/3/awallace43/CASF-2016/coreset/4u4s/4u4s_protein.pdb,/storage/ice1/7/3/awallace43/CASF-2016/coreset/4u4s/4u4s_ligand.sdf
124,4ivd,4ivd,/storage/ice1/7/3/awallace43/CASF-2016/coreset/4ivd/4ivd_protein.pdb,/storage/ice1/7/3/awallace43/CASF-2016/coreset/4ivd/4ivd_ligand.sdf
125,2br1,2br1,/storage/ice1/7/3/awallace43/CASF-2016/coreset/2br1/2br1_protein.pdb,/storage/ice1/7/3/awallace43/CASF-2016/coreset/2br1/2br1_ligand.sdf
126,3bgz,3bgz,/storage/ice1/7/3/awallace43/CASF-2016/coreset/3bgz/3bgz_protein.pdb,/storage/ice1/7/3/awallace43/CASF-2016/coreset/3bgz/3bgz_ligand.sdf
127,4x6p,4x6p,/storage/ice1/7/3/awallace43/CASF-2016/coreset/4x6p/4x6p_protein.pdb,/storage/ice1/7/3/awallace43/CASF-2016/coreset/4x6p/4x6p_ligand.sdf
128,3ebp,3ebp,/storage/ice1/7/3/awallace43/CASF-2016/coreset/3ebp/3ebp_protein.pdb,/storage/ice1/7/3/awallace43/CASF-2016/coreset/3ebp/3ebp_ligand.sdf
129,3fv1,3fv1,/storage/ice1/7/3/awallace43/CASF-2016/coreset/3fv1/3fv1_protein.pdb,/storage/ice1/7/3/awallace43/CASF-2016/coreset/3fv1/3fv1_ligand.sdf
130,4jxs,4jxs,/storage/ice1/7/3/awallace43/CASF-2016/coreset/4jxs/4jxs_protein.pdb,/storage/ice1/7/3/awallace43/CASF-2016/coreset/4jxs/4jxs_ligand.sdf
131,3oe4,3oe4,/storage/ice1/7/3/awallace43/CASF-2016/coreset/3oe4/3oe4_protein.pdb,/storage/ice1/7/3/awallace43/CASF-2016/coreset/3oe4/3oe4_ligand.sdf
132,4pcs,4pcs,/storage/ice1/7/3/awallace43/CASF-2016/coreset/4pcs/4pcs_protein.pdb,/storage/ice1/7/3/awallace43/CASF-2016/coreset/4pcs/4pcs_ligand.sdf
133,3dx2,3dx2,/storage/ice1/7/3/awallace43/CASF-2016/coreset/3dx2/3dx2_protein.pdb,/storage/ice1/7/3/awallace43/CASF-2016/coreset/3dx2/3dx2_ligand.sdf
134,4ogj,4ogj,/storage/ice1/7/3/awallace43/CASF-2016/coreset/4ogj/4ogj_protein.pdb,/storage/ice1/7/3/awallace43/CASF-2016/coreset/4ogj/4ogj_ligand.sdf
135,2wn9,2wn9,/storage/ice1/7/3/awallace43/CASF-2016/coreset/2wn9/2wn9_protein.pdb,/storage/ice1/7/3/awallace43/CASF-2016/coreset/2wn9/2wn9_ligand.sdf
136,3fur,3fur,/storage/ice1/7/3/awallace43/CASF-2016/coreset/3fur/3fur_protein.pdb,/storage/ice1/7/3/awallace43/CASF-2016/coreset/3fur/3fur_ligand.sdf
137,3jvs,3jvs,/storage/ice1/7/3/awallace43/CASF-2016/coreset/3jvs/3jvs_protein.pdb,/storage/ice1/7/3/awallace43/CASF-2016/coreset/3jvs/3jvs_ligand.sdf
138,2fvd,2fvd,/storage/ice1/7/3/awallace43/CASF-2016/coreset/2fvd/2fvd_protein.pdb,/storage/ice1/7/3/awallace43/CASF-2016/coreset/2fvd/2fvd_ligand.sdf
139,3ueu,3ueu,/storage/ice1/7/3/awallace43/CASF-2016/coreset/3ueu/3ueu_protein.pdb,/storage/ice1/7/3/awallace43/CASF-2016/coreset/3ueu/3ueu_ligand.sdf
140,5c2h,5c2h,/storage/ice1/7/3/awallace43/CASF-2016/coreset/5c2h/5c2h_protein.pdb,/storage/ice1/7/3/awallace43/CASF-2016/coreset/5c2h/5c2h_ligand.sdf
141,2xys,2xys,/storage/ice1/7/3/awallace43/CASF-2016/coreset/2xys/2xys_protein.pdb,/storage/ice1/7/3/awallace43/CASF-2016/coreset/2xys/2xys_ligand.sdf
142,2c3i,2c3i,/storage/ice1/7/3/awallace43/CASF-2016/coreset/2c3i/2c3i_protein.pdb,/storage/ice1/7/3/awallace43/CASF-2016/coreset/2c3i/2c3i_ligand.sdf
143,3d6q,3d6q,/storage/ice1/7/3/awallace43/CASF-2016/coreset/3d6q/3d6q_protein.pdb,/storage/ice1/7/3/awallace43/CASF-2016/coreset/3d6q/3d6q_ligand.sdf
144,4w9i,4w9i,/storage/ice1/7/3/awallace43/CASF-2016/coreset/4w9i/4w9i_protein.pdb,/storage/ice1/7/3/awallace43/CASF-2016/coreset/4w9i/4w9i_ligand.sdf
145,3gr2,3gr2,/storage/ice1/7/3/awallace43/CASF-2016/coreset/3gr2/3gr2_protein.pdb,/storage/ice1/7/3/awallace43/CASF-2016/coreset/3gr2/3gr2_ligand.sdf
146,2wer,2wer,/storage/ice1/7/3/awallace43/CASF-2016/coreset/2wer/2wer_protein.pdb,/storage/ice1/7/3/awallace43/CASF-2016/coreset/2wer/2wer_ligand.sdf
147,1mq6,1mq6,/storage/ice1/7/3/awallace43/CASF-2016/coreset/1mq6/1mq6_protein.pdb,/storage/ice1/7/3/awallace43/CASF-2016/coreset/1mq6/1mq6_ligand.sdf
148,3b65,3b65,/storage/ice1/7/3/awallace43/CASF-2016/coreset/3b65/3b65_protein.pdb,/storage/ice1/7/3/awallace43/CASF-2016/coreset/3b65/3b65_ligand.sdf
149,3ehy,3ehy,/storage/ice1/7/3/awallace43/CASF-2016/coreset/3ehy/3ehy_protein.pdb,/storage/ice1/7/3/awallace43/CASF-2016/coreset/3ehy/3ehy_ligand.sdf
150,1c5z,1c5z,/storage/ice1/7/3/awallace43/CASF-2016/coreset/1c5z/1c5z_protein.pdb,/storage/ice1/7/3/awallace43/CASF-2016/coreset/1c5z/1c5z_ligand.sdf
151,1ydt,1ydt,/storage/ice1/7/3/awallace43/CASF-2016/coreset/1ydt/1ydt_protein.pdb,/storage/ice1/7/3/awallace43/CASF-2016/coreset/1ydt/1ydt_ligand.sdf
152,3ary,3ary,/storage/ice1/7/3/awallace43/CASF-2016/coreset/3ary/3ary_protein.pdb,/storage/ice1/7/3/awallace43/CASF-2016/coreset/3ary/3ary_ligand.sdf
153,2zda,2zda,/storage/ice1/7/3/awallace43/CASF-2016/coreset/2zda/2zda_protein.pdb,/storage/ice1/7/3/awallace43/CASF-2016/coreset/2zda/2zda_ligand.sdf
154,4dli,4dli,/storage/ice1/7/3/awallace43/CASF-2016/coreset/4dli/4dli_protein.pdb,/storage/ice1/7/3/awallace43/CASF-2016/coreset/4dli/4dli_ligand.sdf
155,3zsx,3zsx,/storage/ice1/7/3/awallace43/CASF-2016/coreset/3zsx/3zsx_protein.pdb,/storage/ice1/7/3/awallace43/CASF-2016/coreset/3zsx/3zsx_ligand.sdf
156,3gbb,3gbb,/storage/ice1/7/3/awallace43/CASF-2016/coreset/3gbb/3gbb_protein.pdb,/storage/ice1/7/3/awallace43/CASF-2016/coreset/3gbb/3gbb_ligand.sdf
157,1q8t,1q8t,/storage/ice1/7/3/awallace43/CASF-2016/coreset/1q8t/1q8t_protein.pdb,/storage/ice1/7/3/awallace43/CASF-2016/coreset/1q8t/1q8t_ligand.sdf
158,3ge7,3ge7,/storage/ice1/7/3/awallace43/CASF-2016/coreset/3ge7/3ge7_protein.pdb,/storage/ice1/7/3/awallace43/CASF-2016/coreset/3ge7/3ge7_ligand.sdf
159,3f3a,3f3a,/storage/ice1/7/3/awallace43/CASF-2016/coreset/3f3a/3f3a_protein.pdb,/storage/ice1/7/3/awallace43/CASF-2016/coreset/3f3a/3f3a_ligand.sdf
160,4ddk,4ddk,/storage/ice1/7/3/awallace43/CASF-2016/coreset/4ddk/4ddk_protein.pdb,/storage/ice1/7/3/awallace43/CASF-2016/coreset/4ddk/4ddk_ligand.sdf
161,3ozt,3ozt,/storage/ice1/7/3/awallace43/CASF-2016/coreset/3ozt/3ozt_protein.pdb,/storage/ice1/7/3/awallace43/CASF-2016/coreset/3ozt/3ozt_ligand.sdf
162,4f9w,4f9w,/storage/ice1/7/3/awallace43/CASF-2016/coreset/4f9w/4f9w_protein.pdb,/storage/ice1/7/3/awallace43/CASF-2016/coreset/4f9w/4f9w_ligand.sdf
163,4gfm,4gfm,/storage/ice1/7/3/awallace43/CASF-2016/coreset/4gfm/4gfm_protein.pdb,/storage/ice1/7/3/awallace43/CASF-2016/coreset/4gfm/4gfm_ligand.sdf
164,1g2k,1g2k,/storage/ice1/7/3/awallace43/CASF-2016/coreset/1g2k/1g2k_protein.pdb,/storage/ice1/7/3/awallace43/CASF-2016/coreset/1g2k/1g2k_ligand.sdf
165,3coz,3coz,/storage/ice1/7/3/awallace43/CASF-2016/coreset/3coz/3coz_protein.pdb,/storage/ice1/7/3/awallace43/CASF-2016/coreset/3coz/3coz_ligand.sdf
166,3g2n,3g2n,/storage/ice1/7/3/awallace43/CASF-2016/coreset/3g2n/3g2n_protein.pdb,/storage/ice1/7/3/awallace43/CASF-2016/coreset/3g2n/3g2n_ligand.sdf
167,1h22,1h22,/storage/ice1/7/3/awallace43/CASF-2016/coreset/1h22/1h22_protein.pdb,/storage/ice1/7/3/awallace43/CASF-2016/coreset/1h22/1h22_ligand.sdf
168,3up2,3up2,/storage/ice1/7/3/awallace43/CASF-2016/coreset/3up2/3up2_protein.pdb,/storage/ice1/7/3/awallace43/CASF-2016/coreset/3up2/3up2_ligand.sdf
169,4kzq,4kzq,/storage/ice1/7/3/awallace43/CASF-2016/coreset/4kzq/4kzq_protein.pdb,/storage/ice1/7/3/awallace43/CASF-2016/coreset/4kzq/4kzq_ligand.sdf
170,3nw9,3nw9,/storage/ice1/7/3/awallace43/CASF-2016/coreset/3nw9/3nw9_protein.pdb,/storage/ice1/7/3/awallace43/CASF-2016/coreset/3nw9/3nw9_ligand.sdf
171,3nx7,3nx7,/storage/ice1/7/3/awallace43/CASF-2016/coreset/3nx7/3nx7_protein.pdb,/storage/ice1/7/3/awallace43/CASF-2016/coreset/3nx7/3nx7_ligand.sdf
172,4cra,4cra,/storage/ice1/7/3/awallace43/CASF-2016/coreset/4cra/4cra_protein.pdb,/storage/ice1/7/3/awallace43/CASF-2016/coreset/4cra/4cra_ligand.sdf
173,3dd0,3dd0,/storage/ice1/7/3/awallace43/CASF-2016/coreset/3dd0/3dd0_protein.pdb,/storage/ice1/7/3/awallace43/CASF-2016/coreset/3dd0/3dd0_ligand.sdf
174,5a7b,5a7b,/storage/ice1/7/3/awallace43/CASF-2016/coreset/5a7b/5a7b_protein.pdb,/storage/ice1/7/3/awallace43/CASF-2016/coreset/5a7b/5a7b_ligand.sdf
175,2iwx,2iwx,/storage/ice1/7/3/awallace43/CASF-2016/coreset/2iwx/2iwx_protein.pdb,/storage/ice1/7/3/awallace43/CASF-2016/coreset/2iwx/2iwx_ligand.sdf
176,2cet,2cet,/storage/ice1/7/3/awallace43/CASF-2016/coreset/2cet/2cet_protein.pdb,/storage/ice1/7/3/awallace43/CASF-2016/coreset/2cet/2cet_ligand.sdf
177,3wtj,3wtj,/storage/ice1/7/3/awallace43/CASF-2016/coreset/3wtj/3wtj_protein.pdb,/storage/ice1/7/3/awallace43/CASF-2016/coreset/3wtj/3wtj_ligand.sdf
178,4tmn,4tmn,/storage/ice1/7/3/awallace43/CASF-2016/coreset/4tmn/4tmn_protein.pdb,/storage/ice1/7/3/awallace43/CASF-2016/coreset/4tmn/4tmn_ligand.sdf
179,2xdl,2xdl,/storage/ice1/7/3/awallace43/CASF-2016/coreset/2xdl/2xdl_protein.pdb,/storage/ice1/7/3/awallace43/CASF-2016/coreset/2xdl/2xdl_ligand.sdf
180,1qkt,1qkt,/storage/ice1/7/3/awallace43/CASF-2016/coreset/1qkt/1qkt_protein.pdb,/storage/ice1/7/3/awallace43/CASF-2016/coreset/1qkt/1qkt_ligand.sdf
181,3g2z,3g2z,/storage/ice1/7/3/awallace43/CASF-2016/coreset/3g2z/3g2z_protein.pdb,/storage/ice1/7/3/awallace43/CASF-2016/coreset/3g2z/3g2z_ligand.sdf
182,1yc1,1yc1,/storage/ice1/7/3/awallace43/CASF-2016/coreset/1yc1/1yc1_protein.pdb,/storage/ice1/7/3/awallace43/CASF-2016/coreset/1yc1/1yc1_ligand.sdf
183,3jya,3jya,/storage/ice1/7/3/awallace43/CASF-2016/coreset/3jya/3jya_protein.pdb,/storage/ice1/7/3/awallace43/CASF-2016/coreset/3jya/3jya_ligand.sdf
184,1bcu,1bcu,/storage/ice1/7/3/awallace43/CASF-2016/coreset/1bcu/1bcu_protein.pdb,/storage/ice1/7/3/awallace43/CASF-2016/coreset/1bcu/1bcu_ligand.sdf
185,2vvn,2vvn,/storage/ice1/7/3/awallace43/CASF-2016/coreset/2vvn/2vvn_protein.pdb,/storage/ice1/7/3/awallace43/CASF-2016/coreset/2vvn/2vvn_ligand.sdf
186,3acw,3acw,/storage/ice1/7/3/awallace43/CASF-2016/coreset/3acw/3acw_protein.pdb,/storage/ice1/7/3/awallace43/CASF-2016/coreset/3acw/3acw_ligand.sdf
187,2qe4,2qe4,/storage/ice1/7/3/awallace43/CASF-2016/coreset/2qe4/2qe4_protein.pdb,/storage/ice1/7/3/awallace43/CASF-2016/coreset/2qe4/2qe4_ligand.sdf
188,3pxf,3pxf,/storage/ice1/7/3/awallace43/CASF-2016/coreset/3pxf/3pxf_protein.pdb,/storage/ice1/7/3/awallace43/CASF-2016/coreset/3pxf/3pxf_ligand.sdf
189,3u8k,3u8k,/storage/ice1/7/3/awallace43/CASF-2016/coreset/3u8k/3u8k_protein.pdb,/storage/ice1/7/3/awallace43/CASF-2016/coreset/3u8k/3u8k_ligand.sdf
190,1z6e,1z6e,/storage/ice1/7/3/awallace43/CASF-2016/coreset/1z6e/1z6e_protein.pdb,/storage/ice1/7/3/awallace43/CASF-2016/coreset/1z6e/1z6e_ligand.sdf
191,1lpg,1lpg,/storage/ice1/7/3/awallace43/CASF-2016/coreset/1lpg/1lpg_protein.pdb,/storage/ice1/7/3/awallace43/CASF-2016/coreset/1lpg/1lpg_ligand.sdf
192,3l7b,3l7b,/storage/ice1/7/3/awallace43/CASF-2016/coreset/3l7b/3l7b_protein.pdb,/storage/ice1/7/3/awallace43/CASF-2016/coreset/3l7b/3l7b_ligand.sdf
193,3b27,3b27,/storage/ice1/7/3/awallace43/CASF-2016/coreset/3b27/3b27_protein.pdb,/storage/ice1/7/3/awallace43/CASF-2016/coreset/3b27/3b27_ligand.sdf
194,3lka,3lka,/storage/ice1/7/3/awallace43/CASF-2016/coreset/3lka/3lka_protein.pdb,/storage/ice1/7/3/awallace43/CASF-2016/coreset/3lka/3lka_ligand.sdf
195,3g31,3g31,/storage/ice1/7/3/awallace43/CASF-2016/coreset/3g31/3g31_protein.pdb,/storage/ice1/7/3/awallace43/CASF-2016/coreset/3g31/3g31_ligand.sdf
196,3f3d,3f3d,/storage/ice1/7/3/awallace43/CASF-2016/coreset/3f3d/3f3d_protein.pdb,/storage/ice1/7/3/awallace43/CASF-2016/coreset/3f3d/3f3d_ligand.sdf
197,4crc,4crc,/storage/ice1/7/3/awallace43/CASF-2016/coreset/4crc/4crc_protein.pdb,/storage/ice1/7/3/awallace43/CASF-2016/coreset/4crc/4crc_ligand.sdf
198,4owm,4owm,/storage/ice1/7/3/awallace43/CASF-2016/coreset/4owm/4owm_protein.pdb,/storage/ice1/7/3/awallace43/CASF-2016/coreset/4owm/4owm_ligand.sdf
199,4m0y,4m0y,/storage/ice1/7/3/awallace43/CASF-2016/coreset/4m0y/4m0y_protein.pdb,/storage/ice1/7/3/awallace43/CASF-2016/coreset/4m0y/4m0y_ligand.sdf
200,1nc3,1nc3,/storage/ice1/7/3/awallace43/CASF-2016/coreset/1nc3/1nc3_protein.pdb,/storage/ice1/7/3/awallace43/CASF-2016/coreset/1nc3/1nc3_ligand.sdf
201,3rr4,3rr4,/storage/ice1/7/3/awallace43/CASF-2016/coreset/3rr4/3rr4_protein.pdb,/storage/ice1/7/3/awallace43/CASF-2016/coreset/3rr4/3rr4_ligand.sdf
202,3gv9,3gv9,/storage/ice1/7/3/awallace43/CASF-2016/coreset/3gv9/3gv9_protein.pdb,/storage/ice1/7/3/awallace43/CASF-2016/coreset/3gv9/3gv9_ligand.sdf
203,5c28,5c28,/storage/ice1/7/3/awallace43/CASF-2016/coreset/5c28/5c28_protein.pdb,/storage/ice1/7/3/awallace43/CASF-2016/coreset/5c28/5c28_ligand.sdf
204,4de3,4de3,/storage/ice1/7/3/awallace43/CASF-2016/coreset/4de3/4de3_protein.pdb,/storage/ice1/7/3/awallace43/CASF-2016/coreset/4de3/4de3_ligand.sdf
205,5tmn,5tmn,/storage/ice1/7/3/awallace43/CASF-2016/coreset/5tmn/5tmn_protein.pdb,/storage/ice1/7/3/awallace43/CASF-2016/coreset/5tmn/5tmn_ligand.sdf
206,4cig,4cig,/storage/ice1/7/3/awallace43/CASF-2016/coreset/4cig/4cig_protein.pdb,/storage/ice1/7/3/awallace43/CASF-2016/coreset/4cig/4cig_ligand.sdf
207,3pww,3pww,/storage/ice1/7/3/awallace43/CASF-2016/coreset/3pww/3pww_protein.pdb,/storage/ice1/7/3/awallace43/CASF-2016/coreset/3pww/3pww_ligand.sdf
208,1q8u,1q8u,/storage/ice1/7/3/awallace43/CASF-2016/coreset/1q8u/1q8u_protein.pdb,/storage/ice1/7/3/awallace43/CASF-2016/coreset/1q8u/1q8u_ligand.sdf
209,4w9l,4w9l,/storage/ice1/7/3/awallace43/CASF-2016/coreset/4w9l/4w9l_protein.pdb,/storage/ice1/7/3/awallace43/CASF-2016/coreset/4w9l/4w9l_ligand.sdf
210,4llx,4llx,/storage/ice1/7/3/awallace43/CASF-2016/coreset/4llx/4llx_protein.pdb,/storage/ice1/7/3/awallace43/CASF-2016/coreset/4llx/4llx_ligand.sdf
211,1uto,1uto,/storage/ice1/7/3/awallace43/CASF-2016/coreset/1uto/1uto_protein.pdb,/storage/ice1/7/3/awallace43/CASF-2016/coreset/1uto/1uto_ligand.sdf
212,3mss,3mss,/storage/ice1/7/3/awallace43/CASF-2016/coreset/3mss/3mss_protein.pdb,/storage/ice1/7/3/awallace43/CASF-2016/coreset/3mss/3mss_ligand.sdf
213,5aba,5aba,/storage/ice1/7/3/awallace43/CASF-2016/coreset/5aba/5aba_protein.pdb,/storage/ice1/7/3/awallace43/CASF-2016/coreset/5aba/5aba_ligand.sdf
214,3uuo,3uuo,/storage/ice1/7/3/awallace43/CASF-2016/coreset/3uuo/3uuo_protein.pdb,/storage/ice1/7/3/awallace43/CASF-2016/coreset/3uuo/3uuo_ligand.sdf
215,4jia,4jia,/storage/ice1/7/3/awallace43/CASF-2016/coreset/4jia/4jia_protein.pdb,/storage/ice1/7/3/awallace43/CASF-2016/coreset/4jia/4jia_ligand.sdf
216,3cj4,3cj4,/storage/ice1/7/3/awallace43/CASF-2016/coreset/3cj4/3cj4_protein.pdb,/storage/ice1/7/3/awallace43/CASF-2016/coreset/3cj4/3cj4_ligand.sdf
217,1gpn,1gpn,/storage/ice1/7/3/awallace43/CASF-2016/coreset/1gpn/1gpn_protein.pdb,/storage/ice1/7/3/awallace43/CASF-2016/coreset/1gpn/1gpn_ligand.sdf
218,2w4x,2w4x,/storage/ice1/7/3/awallace43/CASF-2016/coreset/2w4x/2w4x_protein.pdb,/storage/ice1/7/3/awallace43/CASF-2016/coreset/2w4x/2w4x_ligand.sdf
219,1e66,1e66,/storage/ice1/7/3/awallace43/CASF-2016/coreset/1e66/1e66_protein.pdb,/storage/ice1/7/3/awallace43/CASF-2016/coreset/1e66/1e66_ligand.sdf
220,3dxg,3dxg,/storage/ice1/7/3/awallace43/CASF-2016/coreset/3dxg/3dxg_protein.pdb,/storage/ice1/7/3/awallace43/CASF-2016/coreset/3dxg/3dxg_ligand.sdf
221,4ea2,4ea2,/storage/ice1/7/3/awallace43/CASF-2016/coreset/4ea2/4ea2_protein.pdb,/storage/ice1/7/3/awallace43/CASF-2016/coreset/4ea2/4ea2_ligand.sdf
222,2yki,2yki,/storage/ice1/7/3/awallace43/CASF-2016/coreset/2yki/2yki_protein.pdb,/storage/ice1/7/3/awallace43/CASF-2016/coreset/2yki/2yki_ligand.sdf
223,3zso,3zso,/storage/ice1/7/3/awallace43/CASF-2016/coreset/3zso/3zso_protein.pdb,/storage/ice1/7/3/awallace43/CASF-2016/coreset/3zso/3zso_ligand.sdf
224,4bkt,4bkt,/storage/ice1/7/3/awallace43/CASF-2016/coreset/4bkt/4bkt_protein.pdb,/storage/ice1/7/3/awallace43/CASF-2016/coreset/4bkt/4bkt_ligand.sdf
225,4rfm,4rfm,/storage/ice1/7/3/awallace43/CASF-2016/coreset/4rfm/4rfm_protein.pdb,/storage/ice1/7/3/awallace43/CASF-2016/coreset/4rfm/4rfm_ligand.sdf
226,3b68,3b68,/storage/ice1/7/3/awallace43/CASF-2016/coreset/3b68/3b68_protein.pdb,/storage/ice1/7/3/awallace43/CASF-2016/coreset/3b68/3b68_ligand.sdf
227,1p1n,1p1n,/storage/ice1/7/3/awallace43/CASF-2016/coreset/1p1n/1p1n_protein.pdb,/storage/ice1/7/3/awallace43/CASF-2016/coreset/1p1n/1p1n_ligand.sdf
228,1w4o,1w4o,/storage/ice1/7/3/awallace43/CASF-2016/coreset/1w4o/1w4o_protein.pdb,/storage/ice1/7/3/awallace43/CASF-2016/coreset/1w4o/1w4o_ligand.sdf
229,3nq9,3nq9,/storage/ice1/7/3/awallace43/CASF-2016/coreset/3nq9/3nq9_protein.pdb,/storage/ice1/7/3/awallace43/CASF-2016/coreset/3nq9/3nq9_ligand.sdf
230,3syr,3syr,/storage/ice1/7/3/awallace43/CASF-2016/coreset/3syr/3syr_protein.pdb,/storage/ice1/7/3/awallace43/CASF-2016/coreset/3syr/3syr_ligand.sdf
231,4eor,4eor,/storage/ice1/7/3/awallace43/CASF-2016/coreset/4eor/4eor_protein.pdb,/storage/ice1/7/3/awallace43/CASF-2016/coreset/4eor/4eor_ligand.sdf
232,2pog,2pog,/storage/ice1/7/3/awallace43/CASF-2016/coreset/2pog/2pog_protein.pdb,/storage/ice1/7/3/awallace43/CASF-2016/coreset/2pog/2pog_ligand.sdf
233,4ih7,4ih7,/storage/ice1/7/3/awallace43/CASF-2016/coreset/4ih7/4ih7_protein.pdb,/storage/ice1/7/3/awallace43/CASF-2016/coreset/4ih7/4ih7_ligand.sdf
234,4f3c,4f3c,/storage/ice1/7/3/awallace43/CASF-2016/coreset/4f3c/4f3c_protein.pdb,/storage/ice1/7/3/awallace43/CASF-2016/coreset/4f3c/4f3c_ligand.sdf
235,2xii,2xii,/storage/ice1/7/3/awallace43/CASF-2016/coreset/2xii/2xii_protein.pdb,/storage/ice1/7/3/awallace43/CASF-2016/coreset/2xii/2xii_ligand.sdf
236,1r5y,1r5y,/storage/ice1/7/3/awallace43/CASF-2016/coreset/1r5y/1r5y_protein.pdb,/storage/ice1/7/3/awallace43/CASF-2016/coreset/1r5y/1r5y_ligand.sdf
237,3d4z,3d4z,/storage/ice1/7/3/awallace43/CASF-2016/coreset/3d4z/3d4z_protein.pdb,/storage/ice1/7/3/awallace43/CASF-2016/coreset/3d4z/3d4z_ligand.sdf
238,3uex,3uex,/storage/ice1/7/3/awallace43/CASF-2016/coreset/3uex/3uex_protein.pdb,/storage/ice1/7/3/awallace43/CASF-2016/coreset/3uex/3uex_ligand.sdf
239,3uew,3uew,/storage/ice1/7/3/awallace43/CASF-2016/coreset/3uew/3uew_protein.pdb,/storage/ice1/7/3/awallace43/CASF-2016/coreset/3uew/3uew_ligand.sdf
240,4agq,4agq,/storage/ice1/7/3/awallace43/CASF-2016/coreset/4agq/4agq_protein.pdb,/storage/ice1/7/3/awallace43/CASF-2016/coreset/4agq/4agq_ligand.sdf
241,3r88,3r88,/storage/ice1/7/3/awallace43/CASF-2016/coreset/3r88/3r88_protein.pdb,/storage/ice1/7/3/awallace43/CASF-2016/coreset/3r88/3r88_ligand.sdf
242,3ejr,3ejr,/storage/ice1/7/3/awallace43/CASF-2016/coreset/3ejr/3ejr_protein.pdb,/storage/ice1/7/3/awallace43/CASF-2016/coreset/3ejr/3ejr_ligand.sdf
243,2j78,2j78,/storage/ice1/7/3/awallace43/CASF-2016/coreset/2j78/2j78_protein.pdb,/storage/ice1/7/3/awallace43/CASF-2016/coreset/2j78/2j78_ligand.sdf
244,3tsk,3tsk,/storage/ice1/7/3/awallace43/CASF-2016/coreset/3tsk/3tsk_protein.pdb,/storage/ice1/7/3/awallace43/CASF-2016/coreset/3tsk/3tsk_ligand.sdf
245,1bzc,1bzc,/storage/ice1/7/3/awallace43/CASF-2016/coreset/1bzc/1bzc_protein.pdb,/storage/ice1/7/3/awallace43/CASF-2016/coreset/1bzc/1bzc_ligand.sdf
246,3uri,3uri,/storage/ice1/7/3/awallace43/CASF-2016/coreset/3uri/3uri_protein.pdb,/storage/ice1/7/3/awallace43/CASF-2016/coreset/3uri/3uri_ligand.sdf
247,4dld,4dld,/storage/ice1/7/3/awallace43/CASF-2016/coreset/4dld/4dld_protein.pdb,/storage/ice1/7/3/awallace43/CASF-2016/coreset/4dld/4dld_ligand.sdf
248,4de2,4de2,/storage/ice1/7/3/awallace43/CASF-2016/coreset/4de2/4de2_protein.pdb,/storage/ice1/7/3/awallace43/CASF-2016/coreset/4de2/4de2_ligand.sdf
249,4wiv,4wiv,/storage/ice1/7/3/awallace43/CASF-2016/coreset/4wiv/4wiv_protein.pdb,/storage/ice1/7/3/awallace43/CASF-2016/coreset/4wiv/4wiv_ligand.sdf
250,3jvr,3jvr,/storage/ice1/7/3/awallace43/CASF-2016/coreset/3jvr/3jvr_protein.pdb,/storage/ice1/7/3/awallace43/CASF-2016/coreset/3jvr/3jvr_ligand.sdf
251,3wz8,3wz8,/storage/ice1/7/3/awallace43/CASF-2016/coreset/3wz8/3wz8_protein.pdb,/storage/ice1/7/3/awallace43/CASF-2016/coreset/3wz8/3wz8_ligand.sdf
252,4j21,4j21,/storage/ice1/7/3/awallace43/CASF-2016/coreset/4j21/4j21_protein.pdb,/storage/ice1/7/3/awallace43/CASF-2016/coreset/4j21/4j21_ligand.sdf
253,4gkm,4gkm,/storage/ice1/7/3/awallace43/CASF-2016/coreset/4gkm/4gkm_protein.pdb,/storage/ice1/7/3/awallace43/CASF-2016/coreset/4gkm/4gkm_ligand.sdf
254,2hb1,2hb1,/storage/ice1/7/3/awallace43/CASF-2016/coreset/2hb1/2hb1_protein.pdb,/storage/ice1/7/3/awallace43/CASF-2016/coreset/2hb1/2hb1_ligand.sdf
255,1ps3,1ps3,/storage/ice1/7/3/awallace43/CASF-2016/coreset/1ps3/1ps3_protein.pdb,/storage/ice1/7/3/awallace43/CASF-2016/coreset/1ps3/1ps3_ligand.sdf
256,3b5r,3b5r,/storage/ice1/7/3/awallace43/CASF-2016/coreset/3b5r/3b5r_protein.pdb,/storage/ice1/7/3/awallace43/CASF-2016/coreset/3b5r/3b5r_ligand.sdf
257,2r9w,2r9w,/storage/ice1/7/3/awallace43/CASF-2016/coreset/2r9w/2r9w_protein.pdb,/storage/ice1/7/3/awallace43/CASF-2016/coreset/2r9w/2r9w_ligand.sdf
258,3coy,3coy,/storage/ice1/7/3/awallace43/CASF-2016/coreset/3coy/3coy_protein.pdb,/storage/ice1/7/3/awallace43/CASF-2016/coreset/3coy/3coy_ligand.sdf
259,3g0w,3g0w,/storage/ice1/7/3/awallace43/CASF-2016/coreset/3g0w/3g0w_protein.pdb,/storage/ice1/7/3/awallace43/CASF-2016/coreset/3g0w/3g0w_ligand.sdf
260,4jfs,4jfs,/storage/ice1/7/3/awallace43/CASF-2016/coreset/4jfs/4jfs_protein.pdb,/storage/ice1/7/3/awallace43/CASF-2016/coreset/4jfs/4jfs_ligand.sdf
261,3ag9,3ag9,/storage/ice1/7/3/awallace43/CASF-2016/coreset/3ag9/3ag9_protein.pdb,/storage/ice1/7/3/awallace43/CASF-2016/coreset/3ag9/3ag9_ligand.sdf
262,1z9g,1z9g,/storage/ice1/7/3/awallace43/CASF-2016/coreset/1z9g/1z9g_protein.pdb,/storage/ice1/7/3/awallace43/CASF-2016/coreset/1z9g/1z9g_ligand.sdf
263,3dx1,3dx1,/storage/ice1/7/3/awallace43/CASF-2016/coreset/3dx1/3dx1_protein.pdb,/storage/ice1/7/3/awallace43/CASF-2016/coreset/3dx1/3dx1_ligand.sdf
264,3u5j,3u5j,/storage/ice1/7/3/awallace43/CASF-2016/coreset/3u5j/3u5j_protein.pdb,/storage/ice1/7/3/awallace43/CASF-2016/coreset/3u5j/3u5j_ligand.sdf
265,4gid,4gid,/storage/ice1/7/3/awallace43/CASF-2016/coreset/4gid/4gid_protein.pdb,/storage/ice1/7/3/awallace43/CASF-2016/coreset/4gid/4gid_ligand.sdf
266,3udh,3udh,/storage/ice1/7/3/awallace43/CASF-2016/coreset/3udh/3udh_protein.pdb,/storage/ice1/7/3/awallace43/CASF-2016/coreset/3udh/3udh_ligand.sdf
267,3prs,3prs,/storage/ice1/7/3/awallace43/CASF-2016/coreset/3prs/3prs_protein.pdb,/storage/ice1/7/3/awallace43/CASF-2016/coreset/3prs/3prs_ligand.sdf
268,2vkm,2vkm,/storage/ice1/7/3/awallace43/CASF-2016/coreset/2vkm/2vkm_protein.pdb,/storage/ice1/7/3/awallace43/CASF-2016/coreset/2vkm/2vkm_ligand.sdf
269,1syi,1syi,/storage/ice1/7/3/awallace43/CASF-2016/coreset/1syi/1syi_protein.pdb,/storage/ice1/7/3/awallace43/CASF-2016/coreset/1syi/1syi_ligand.sdf
270,4hge,4hge,/storage/ice1/7/3/awallace43/CASF-2016/coreset/4hge/4hge_protein.pdb,/storage/ice1/7/3/awallace43/CASF-2016/coreset/4hge/4hge_ligand.sdf
271,3twp,3twp,/storage/ice1/7/3/awallace43/CASF-2016/coreset/3twp/3twp_protein.pdb,/storage/ice1/7/3/awallace43/CASF-2016/coreset/3twp/3twp_ligand.sdf
272,2wvt,2wvt,/storage/ice1/7/3/awallace43/CASF-2016/coreset/2wvt/2wvt_protein.pdb,/storage/ice1/7/3/awallace43/CASF-2016/coreset/2wvt/2wvt_ligand.sdf
273,4e5w,4e5w,/storage/ice1/7/3/awallace43/CASF-2016/coreset/4e5w/4e5w_protein.pdb,/storage/ice1/7/3/awallace43/CASF-2016/coreset/4e5w/4e5w_ligand.sdf
274,4ty7,4ty7,/storage/ice1/7/3/awallace43/CASF-2016/coreset/4ty7/4ty7_protein.pdb,/storage/ice1/7/3/awallace43/CASF-2016/coreset/4ty7/4ty7_ligand.sdf
275,4k77,4k77,/storage/ice1/7/3/awallace43/CASF-2016/coreset/4k77/4k77_protein.pdb,/storage/ice1/7/3/awallace43/CASF-2016/coreset/4k77/4k77_ligand.sdf
276,2zb1,2zb1,/storage/ice1/7/3/awallace43/CASF-2016/coreset/2zb1/2zb1_protein.pdb,/storage/ice1/7/3/awallace43/CASF-2016/coreset/2zb1/2zb1_ligand.sdf
277,1gpk,1gpk,/storage/ice1/7/3/awallace43/CASF-2016/coreset/1gpk/1gpk_protein.pdb,/storage/ice1/7/3/awallace43/CASF-2016/coreset/1gpk/1gpk_ligand.sdf
278,3uev,3uev,/storage/ice1/7/3/awallace43/CASF-2016/coreset/3uev/3uev_protein.pdb,/storage/ice1/7/3/awallace43/CASF-2016/coreset/3uev/3uev_ligand.sdf
279,2xb8,2xb8,/storage/ice1/7/3/awallace43/CASF-2016/coreset/2xb8/2xb8_protein.pdb,/storage/ice1/7/3/awallace43/CASF-2016/coreset/2xb8/2xb8_ligand.sdf
280,5dwr,5dwr,/storage/ice1/7/3/awallace43/CASF-2016/coreset/5dwr/5dwr_protein.pdb,/storage/ice1/7/3/awallace43/CASF-2016/coreset/5dwr/5dwr_ligand.sdf
281,3e92,3e92,/storage/ice1/7/3/awallace43/CASF-2016/coreset/3e92/3e92_protein.pdb,/storage/ice1/7/3/awallace43/CASF-2016/coreset/3e92/3e92_ligand.sdf
282,1o5b,1o5b,/storage/ice1/7/3/awallace43/CASF-2016/coreset/1o5b/1o5b_protein.pdb,/storage/ice1/7/3/awallace43/CASF-2016/coreset/1o5b/1o5b_ligand.sdf
283,3kr8,3kr8,/storage/ice1/7/3/awallace43/CASF-2016/coreset/3kr8/3kr8_protein.pdb,/storage/ice1/7/3/awallace43/CASF-2016/coreset/3kr8/3kr8_ligand.sdf
284,3ozs,3ozs,/storage/ice1/7/3/awallace43/CASF-2016/coreset/3ozs/3ozs_protein.pdb,/storage/ice1/7/3/awallace43/CASF-2016/coreset/3ozs/3ozs_ligand.sdf
